{
    "uvr_range": {
        "min": [
            -10,
            -10,
            -10
        ],
        "max": [
            10,
            10,
            10
        ]
    },
    "rel_target_range": {
        "min": [
            0,
            0
        ],
        "max": [
            10000,
            10000
        ]
    },
    "rel_yaw_range": {
        "min": [
            -3.141592653589793,
            -3.141592653589793
        ],
        "max": [
            3.141592653589793,
            3.141592653589793
        ]
    },
    "speed_error_range": {
        "min": [
            -22.5
        ],
        "max": [
            22.5
        ]
    },
    "azimuth_angles_range": {
        "min": [
            -3.141592653589793,
            -3.141592653589793,
            -3.141592653589793,
            -3.141592653589793
        ],
        "max": [
            3.141592653589793,
            3.141592653589793,
            3.141592653589793,
            3.141592653589793
        ]
    },
    "thruster_speeds_range": {
        "min": [
            0,
            0,
            0,
            0
        ],
        "max": [
            168.81943016134133,
            168.81943016134133,
            168.81943016134133,
            168.81943016134133
        ]
    },
    "rel_wind_speed_range": {
        "min": [
            0.0
        ],
        "max": [
            27.5
        ]
    },
    "rel_wind_angle_range": {
        "min": [
            -3.141592653589793
        ],
        "max": [
            3.141592653589793
        ]
    },
    "rel_current_speed_range": {
        "min": [
            0.0
        ],
        "max": [
            9.5
        ]
    },
    "rel_current_angle_range": {
        "min": [
            -3.141592653589793
        ],
        "max": [
            3.141592653589793
        ]
    },
    "total_mass_range": {
        "min": 2250000,
        "max": 2726250
    },
    "action_repeat": 10,
    "dt": 0.2,
    "wpts_space_multiplicator": 25,
    "n_wpts": 2
}