{
    "uvr_range": {
        "min": [
            -10,
            -10,
            -10
        ],
        "max": [
            10,
            10,
            10
        ]
    },
    "rel_target_range": {
        "min": [
            0,
            0,
            0
        ],
        "max": [
            5000,
            5000,
            5000
        ]
    },
    "rel_yaw_range": {
        "min": [
            -3.141592653589793,
            -3.141592653589793,
            -3.141592653589793
        ],
        "max": [
            3.141592653589793,
            3.141592653589793,
            3.141592653589793
        ]
    },
    "speed_error_range": {
        "min": [
            -22.995646800000003
        ],
        "max": [
            22.995646800000003
        ]
    },
    "azimuth_angles_range": {
        "min": [
            -3.141592653589793,
            -3.141592653589793,
            -3.141592653589793,
            -3.141592653589793
        ],
        "max": [
            3.141592653589793,
            3.141592653589793,
            3.141592653589793,
            3.141592653589793
        ]
    },
    "thruster_speeds_range": {
        "min": [
            0,
            0,
            0,
            0
        ],
        "max": [
            168.81943016134133,
            168.81943016134133,
            168.81943016134133,
            168.81943016134133
        ]
    },
    "wind_speed_range": {
        "min": 0,
        "max": 20
    },
    "wind_angle_range": {
        "min": -3.141592653589793,
        "max": 3.141592653589793
    },
    "current_speed_range": {
        "min": 0,
        "max": 2
    },
    "current_angle_range": {
        "min": -3.141592653589793,
        "max": 3.141592653589793
    },
    "action_repeat": 10,
    "dt": 0.2,
    "wpts_space_multiplicator": 20,
    "n_wpts": 3
}