{
    "wind": {
        "min": [
            -3.14159,
            0
        ],
        "max": [
            3.14159,
            20
        ]
    },
    "current": {
        "min": [
            -3.14159,
            0
        ],
        "max": [
            3.14159,
            2
        ]
    },
    "sensor-noise-covariance": {
        "min": [
            0,
            0,
            0,
            0,
            0,
            0, 
            0,
            0,
            0,
            0
        ],
        "max": [
            1e-2,
            1e-2,
            0.0035,
            5e-2,
            5e-2,
            5e-2,
            0.0314159,
            0.0314159,
            0.0314159,
            0.0314159
        ]
    },
    "camera": {
        "min": [
            0,
            0
        ],
        "max": [

        ]
    }
}